"kind","category","id","label","type","options","notes"
"response_option","","like","むしろ好き","","","PL response option"
"response_option","","ok","問題ない","","","PL response option"
"response_option","","light","描写薄めなら可","","","PL response option"
"response_option","","dislike","好ましくない","","","PL response option"
"response_option","","avoid","確実に避けたい","","","PL response option"
"public_info","public_info","play_time","想定プレイ時間（時間）","number","","min=0; step=0.5"
"public_info","public_info","session_format","ボイセ / テキセ / 半テキセ","checks","voice:ボイセ | text:テキセ | half_text:半テキセ",""
"public_info","public_info","secret_ho","秘匿HOの有無","select","none:なし | yes:あり | partial:一部あり | unknown:未定・要確認",""
"public_info","public_info","pvp_possibility","PvP可能性の有無","select","none:なし | possible:可能性あり | likely:発生しやすい | unknown:未定・要確認",""
"public_info","public_info","pc_loss","PCロスト可能性","select","none:低い・なし | possible:可能性あり | high:高め | unknown:未定・要確認",""
"public_info","public_info","continuing_pc","継続PC可否","select","allowed:可 | consult:要相談 | not_allowed:不可",""
"public_info","public_info","new_pc_only","継続不可・新規限定","select","no:新規限定ではない | yes:新規限定 | unknown:未定・要確認",""
"public_info","public_info","difficulty","難易度目安","select","low:低め | normal:標準 | high:高め | very_high:高難度 | unknown:未定・要確認",""
"public_info","public_info","rating","R指定・R18・R18G目安","select","none:指定なし | r:R指定相当 | r18:R18相当 | r18g:R18G相当 | unknown:未定・要確認",""
"public_info","public_info","scenario_tone","シナリオ傾向","checks","horror:ホラー | mystery:ミステリ | emotional:エモーショナル | battle:戦闘 | exploration:探索 | rp_focused:RP重視",""
"public_info","public_info","scenario_structure","シナリオ構造","checks","free_exploration:自由探索 | linear:一本道寄り | secret_focused:秘匿重視 | high_info:高情報量",""
"hidden_tag","性・恋愛・同意","ROMANCE_RP","恋愛・関係性RP","","","hidden from result detail"
"hidden_tag","性・恋愛・同意","SEXUAL_CONTENT","性的示唆・性的描写","","","hidden from result detail"
"hidden_tag","性・恋愛・同意","EXPLICIT_SEXUAL_CONTENT","明示的な性的描写","","","hidden from result detail"
"hidden_tag","性・恋愛・同意","SEXUAL_VIOLENCE","性暴力・性的加害","","","hidden from result detail"
"hidden_tag","性・恋愛・同意","NTR_RIVAL_RELATIONSHIP","当て馬、NTR展開","","","hidden from result detail"
"hidden_tag","性・恋愛・同意","FORCED_RELATIONSHIP","恋愛・婚姻・番い等の強制","","","hidden from result detail"
"hidden_tag","性・恋愛・同意","PREGNANCY_REPRODUCTIVE","妊娠・出産・流産・中絶","","","hidden from result detail"
"hidden_tag","性・恋愛・同意","SPECIAL_ABNORMAL_FETISH","特殊性癖/異常性癖","","","hidden from result detail"
"hidden_tag","暴力・身体損壊・医療","GRAPHIC_VIOLENCE","強い暴力・残虐描写","","","hidden from result detail"
"hidden_tag","暴力・身体損壊・医療","BLOOD_GORE","流血・ゴア","","","hidden from result detail"
"hidden_tag","暴力・身体損壊・医療","BODY_MUTILATION","欠損・身体損壊","","","hidden from result detail"
"hidden_tag","暴力・身体損壊・医療","ORGANS_MEDICAL","内臓・手術・医療処置","","","hidden from result detail"
"hidden_tag","暴力・身体損壊・医療","SELF_PERPETRATED_VIOLENCE","自分が暴力を振るう","","","hidden from result detail"
"hidden_tag","暴力・身体損壊・医療","HUMAN_EXPERIMENT","人体実験","","","hidden from result detail"
"hidden_tag","暴力・身体損壊・医療","CANNIBALISM","カニバリズム","","","hidden from result detail"
"hidden_tag","暴力・身体損壊・医療","BODY_HORROR","身体変化・融合・異形化","","","hidden from result detail"
"hidden_tag","死・自傷・喪失","DEATH_GENERAL","死の描写","","","hidden from result detail"
"hidden_tag","死・自傷・喪失","SUICIDE_SELFHARM","自殺・自傷","","","hidden from result detail"
"hidden_tag","死・自傷・喪失","LOVED_ONE_DEATH","家族・恋人・親しい人物の死","","","hidden from result detail"
"hidden_tag","死・自傷・喪失","CHILD_HARM_DEATH","子どもへの危害・死","","","hidden from result detail"
"hidden_tag","死・自傷・喪失","ANIMAL_HARM_DEATH","動物への危害・死","","","hidden from result detail"
"hidden_tag","死・自傷・喪失","MASS_DEATH","大量死・災害死","","","hidden from result detail"
"hidden_tag","死・自傷・喪失","IRREVERSIBLE_LOSS","取り返しのつかない喪失","","","hidden from result detail"
"hidden_tag","死・自傷・喪失","AFTEREFFECT","後遺症・不可逆変化","","","hidden from result detail"
"hidden_tag","精神・記憶・自己同一性","MIND_CONTROL","精神操作・洗脳","","","hidden from result detail"
"hidden_tag","精神・記憶・自己同一性","FORCED_ACTION_EMOTION","行動・感情の強制","","","hidden from result detail"
"hidden_tag","精神・記憶・自己同一性","MEMORY_LOSS_CHANGE","記憶喪失・記憶改変","","","hidden from result detail"
"hidden_tag","精神・記憶・自己同一性","MEMORY_REVEAL","記憶・過去の後出し開示","","","hidden from result detail"
"hidden_tag","精神・記憶・自己同一性","GASLIGHTING","ガスライティング","","","hidden from result detail"
"hidden_tag","精神・記憶・自己同一性","REALITY_COLLAPSE","現実認識の崩壊","","","hidden from result detail"
"hidden_tag","精神・記憶・自己同一性","IDENTITY_LOSS","自己同一性の喪失・人格変化","","","hidden from result detail"
"hidden_tag","精神・記憶・自己同一性","REAL_MENTAL_ILLNESS","実在の精神疾患","","","hidden from result detail"
"hidden_tag","虐待・差別・現実の社会問題","ABUSE_DV","虐待・DV","","","hidden from result detail"
"hidden_tag","虐待・差別・現実の社会問題","BULLYING_HARASSMENT","いじめ・ハラスメント","","","hidden from result detail"
"hidden_tag","虐待・差別・現実の社会問題","DISCRIMINATION","差別・偏見","","","hidden from result detail"
"hidden_tag","虐待・差別・現実の社会問題","POVERTY_EXPLOITATION","貧困・搾取","","","hidden from result detail"
"hidden_tag","虐待・差別・現実の社会問題","REAL_DISEASE_PANDEMIC","現実の病気・感染症","","","hidden from result detail"
"hidden_tag","虐待・差別・現実の社会問題","WAR_TERROR_DISASTER","戦争・テロ・災害","","","hidden from result detail"
"hidden_tag","虐待・差別・現実の社会問題","REAL_EVENT_ANALOGUE","実在事件を想起させる描写","","","hidden from result detail"
"hidden_tag","虐待・差別・現実の社会問題","POLITICS_SOCIAL_CONFLICT","政治・社会的対立","","","hidden from result detail"
"hidden_tag","生理的嫌悪・恐怖症","INSECTS_SPIDERS","虫・クモ","","","hidden from result detail"
"hidden_tag","生理的嫌悪・恐怖症","PARASITES","寄生生物","","","hidden from result detail"
"hidden_tag","生理的嫌悪・恐怖症","SNAKES_RATS","蛇・ネズミ","","","hidden from result detail"
"hidden_tag","生理的嫌悪・恐怖症","DOLLS_MANNEQUINS","人形・マネキン","","","hidden from result detail"
"hidden_tag","生理的嫌悪・恐怖症","WATER_DROWNING","深海・水中・溺水","","","hidden from result detail"
"hidden_tag","生理的嫌悪・恐怖症","CLOSED_DARK_HIGH","閉所・暗所・高所","","","hidden from result detail"
"hidden_tag","生理的嫌悪・恐怖症","VOMIT_EXCRETION","嘔吐・排泄物","","","hidden from result detail"
"hidden_tag","生理的嫌悪・恐怖症","FOOD_CONTAMINATION","異物混入・食事汚染","","","hidden from result detail"
"hidden_tag","宗教・神話・オカルト","REAL_RELIGION","実在宗教","","","hidden from result detail"
"hidden_tag","宗教・神話・オカルト","BLASPHEMY","宗教的冒涜","","","hidden from result detail"
"hidden_tag","宗教・神話・オカルト","OCCULT_RITUAL","儀式・呪術","","","hidden from result detail"
"hidden_tag","宗教・神話・オカルト","POSSESSION","憑依・乗っ取り","","","hidden from result detail"
"hidden_tag","宗教・神話・オカルト","COSMIC_HORROR","宇宙的恐怖・不可知の存在","","","hidden from result detail"
"hidden_tag","宗教・神話・オカルト","MONSTERS_ALIENS","異形生命・怪物","","","hidden from result detail"
"hidden_tag","宗教・神話・オカルト","MYTH_REINTERPRETATION","神話・信仰の独自解釈","","","hidden from result detail"
"hidden_tag","TRPG構造・PC/NPC・メタ","PVP_CONFLICT","PC間対立・PvP","","","hidden from result detail"
"hidden_tag","TRPG構造・PC/NPC・メタ","BETRAYAL_DECEPTION","裏切り・騙し合い","","","hidden from result detail"
"hidden_tag","TRPG構造・PC/NPC・メタ","PC_BACKSTORY_OVERRIDE","PC設定・過去への干渉","","","hidden from result detail"
"hidden_tag","TRPG構造・PC/NPC・メタ","PC_FORCED_CRIME_HARM","PCによる加害・犯罪の強制","","","hidden from result detail"
"hidden_tag","TRPG構造・PC/NPC・メタ","UNAVOIDABLE_NPC_DEATH","重要NPCの避けられない死","","","hidden from result detail"
"hidden_tag","TRPG構造・PC/NPC・メタ","NPC_BETRAYAL","重要NPCの裏切り","","","hidden from result detail"
"hidden_tag","TRPG構造・PC/NPC・メタ","META_PLAYER_INTERFERENCE","メタフィクション・PL視点干渉","","","hidden from result detail"
"hidden_tag","TRPG構造・PC/NPC・メタ","RAILROAD_SURPRISE","強い一本道・強制サプライズ","","","hidden from result detail"
"hidden_tag","TRPG構造・PC/NPC・メタ","SOURCE_WORK_EXISTS","原作となる別の作品がある","","","hidden from result detail"
